{
	"texture_size": [32, 32],
	"textures": {
		"0": "theyard:custom/jae/boxing",
		"particle": "theyard:custom/jae/boxing"
	},
	"elements": [
		{
			"from": [5, 0, 5],
			"to": [11, 6, 11],
			"faces": {
				"north": {"uv": [0, 0, 3, 3], "texture": "#0"},
				"east": {"uv": [0, 3, 3, 6], "texture": "#0"},
				"south": {"uv": [3, 0, 6, 3], "texture": "#0"},
				"west": {"uv": [3, 3, 6, 6], "texture": "#0"},
				"up": {"uv": [3, 9, 0, 6], "texture": "#0"},
				"down": {"uv": [9, 0, 6, 3], "texture": "#0"}
			}
		},
		{
			"from": [5.9, 6, 5.9],
			"to": [10.1, 8, 10.1],
			"faces": {
				"north": {"uv": [5, 6, 7, 7], "texture": "#0"},
				"east": {"uv": [6, 5, 8, 6], "texture": "#0"},
				"south": {"uv": [5, 7, 7, 8], "texture": "#0"},
				"west": {"uv": [7, 6, 9, 7], "texture": "#0"},
				"up": {"uv": [5, 8, 3, 6], "texture": "#0"},
				"down": {"uv": [8, 3, 6, 5], "texture": "#0"}
			}
		}
	],
	"display": {
		"thirdperson_righthand": {
			"rotation": [90, 0, 0],
			"translation": [0, -2, 5.75]
		},
		"thirdperson_lefthand": {
			"rotation": [90, 180, 0],
			"translation": [0, -2, 5.75]
		},
		"firstperson_righthand": {
			"rotation": [90, 0, 0],
			"translation": [1.13, 3.2, 1.13]
		},
		"firstperson_lefthand": {
			"rotation": [90, 180, 0],
			"translation": [1.13, 3.2, 1.13]
		},
		"ground": {
			"translation": [0, 4.5, 0]
		},
		"gui": {
			"rotation": [25, -75, 0],
			"translation": [0, 5.75, 0],
			"scale": [1.5, 1.5, 1.5]
		},
		"head": {
			"rotation": [180, 0, 0],
			"translation": [0, 6, 0],
			"scale": [1.78, 1.78, 1.78]
		},
		"fixed": {
			"rotation": [0, 90, 0],
			"translation": [0, 8, 0],
			"scale": [2, 2, 2]
		}
	}
}