{
	"textures": {
		"0": "theyard:custom/jae/grill",
		"1": "theyard:custom/jae/light",
		"2": "theyard:custom/jae/base",
		"3": "theyard:custom/jae/chain",
		"particle": "theyard:custom/jae/base"
	},
	"elements": [
		{
			"from": [5, 4, 5],
			"to": [11, 5, 11],
			"rotation": {"angle": 0, "axis": "y", "origin": [0, 4, 0]},
			"faces": {
				"north": {"uv": [1.5, 5, 4.5, 5.5], "texture": "#2"},
				"east": {"uv": [1.5, 0.5, 4.5, 1], "texture": "#2"},
				"south": {"uv": [1.5, 4.5, 4.5, 5], "texture": "#2"},
				"west": {"uv": [1.5, 1, 4.5, 1.5], "texture": "#2"},
				"up": {"uv": [1.5, 1.5, 4.5, 4.5], "texture": "#2"},
				"down": {"uv": [1.5, 1.5, 4.5, 4.5], "texture": "#2"}
			}
		},
		{
			"from": [8, 13, 6.5],
			"to": [8, 16, 9.5],
			"rotation": {"angle": 45, "axis": "y", "origin": [8, 13, 8]},
			"faces": {
				"north": {"uv": [0, 0, 0, 1], "texture": "#3"},
				"east": {"uv": [0, 0, 3, 3], "texture": "#3"},
				"south": {"uv": [0, 0, 0, 1], "texture": "#3"},
				"west": {"uv": [0, 0, 3, 3], "texture": "#3"},
				"up": {"uv": [0, 6, 0, 0], "texture": "#3"},
				"down": {"uv": [0, 0, 0, 6], "texture": "#3"}
			}
		},
		{
			"from": [6.5, 13, 8],
			"to": [9.5, 16, 8],
			"rotation": {"angle": 45, "axis": "y", "origin": [8, 13, 8]},
			"faces": {
				"north": {"uv": [0, 0, 3, 3], "texture": "#3"},
				"east": {"uv": [0, 0, 0, 1], "texture": "#3"},
				"south": {"uv": [0, 0, 3, 3], "texture": "#3"},
				"west": {"uv": [0, 0, 0, 1], "texture": "#3"},
				"up": {"uv": [0, 6, 0, 0], "rotation": 270, "texture": "#3"},
				"down": {"uv": [0, 0, 0, 6], "rotation": 90, "texture": "#3"}
			}
		},
		{
			"from": [5.5, 5, 5.5],
			"to": [10.5, 12, 10.5],
			"rotation": {"angle": 0, "axis": "y", "origin": [0, 4, 0]},
			"faces": {
				"north": {"uv": [0, 0, 5, 7], "texture": "#1"},
				"east": {"uv": [5, 0, 10, 7], "texture": "#1"},
				"south": {"uv": [0, 7, 5, 14], "texture": "#1"},
				"west": {"uv": [5, 7, 10, 14], "texture": "#1"},
				"up": {"uv": [15, 5, 10, 0], "texture": "#1"},
				"down": {"uv": [15, 5, 10, 10], "texture": "#1"}
			}
		},
		{
			"from": [5, 4.9, 2],
			"to": [5, 12.6, 14],
			"rotation": {"angle": 22.5, "axis": "z", "origin": [5, 5, 8]},
			"faces": {
				"north": {"uv": [0, 0, 0, 7.7], "texture": "#0"},
				"east": {"uv": [0, 8, 12, 16], "texture": "#0"},
				"south": {"uv": [1, 0, 1, 7.7], "texture": "#0"},
				"west": {"uv": [0, 8, 12, 16], "texture": "#0"},
				"up": {"uv": [0, 0, 0, 12], "texture": "#0"},
				"down": {"uv": [0, 0, 0, 12], "texture": "#0"}
			}
		},
		{
			"from": [2, 4.9, 11],
			"to": [14, 12.6, 11],
			"rotation": {"angle": 22.5, "axis": "x", "origin": [8, 5, 11]},
			"faces": {
				"north": {"uv": [0, 8, 12, 16], "texture": "#0"},
				"east": {"uv": [0, 0, 0, 8], "texture": "#0"},
				"south": {"uv": [0, 8, 12, 16], "texture": "#0"},
				"west": {"uv": [0, 0, 0, 8], "texture": "#0"},
				"up": {"uv": [12, 0, 0, 0], "texture": "#0"},
				"down": {"uv": [12, 0, 0, 0], "texture": "#0"}
			}
		},
		{
			"from": [11, 4.9, 2],
			"to": [11, 12.6, 14],
			"rotation": {"angle": -22.5, "axis": "z", "origin": [11, 5, 8]},
			"faces": {
				"north": {"uv": [0, 0, 0, 7.7], "texture": "#0"},
				"east": {"uv": [0, 8, 12, 15.7], "texture": "#0"},
				"south": {"uv": [1, 0, 1, 7.7], "texture": "#0"},
				"west": {"uv": [0, 8, 12, 16], "texture": "#0"},
				"up": {"uv": [0, 0, 0, 12], "texture": "#0"},
				"down": {"uv": [0, 0, 0, 12], "texture": "#0"}
			}
		},
		{
			"from": [2, 4.9, 5],
			"to": [14, 12.6, 5],
			"rotation": {"angle": -22.5, "axis": "x", "origin": [8, 5, 5]},
			"faces": {
				"north": {"uv": [0, 16, 12, 8], "rotation": 180, "texture": "#0"},
				"east": {"uv": [0, 0, 0, 7.7], "rotation": 180, "texture": "#0"},
				"south": {"uv": [0, 16, 12, 8], "rotation": 180, "texture": "#0"},
				"west": {"uv": [0, 0, 0, 7.7], "rotation": 180, "texture": "#0"},
				"up": {"uv": [0, 0, 12, 0], "texture": "#0"},
				"down": {"uv": [0, 0, 12, 0], "texture": "#0"}
			}
		},
		{
			"from": [2, 12, 2],
			"to": [14, 13, 14],
			"rotation": {"angle": 0, "axis": "y", "origin": [0, 4, 0]},
			"faces": {
				"north": {"uv": [6, 0, 12, 0.5], "texture": "#2"},
				"east": {"uv": [6, 0.5, 12, 1], "texture": "#2"},
				"south": {"uv": [6, 1, 12, 1.5], "texture": "#2"},
				"west": {"uv": [6, 1.5, 12, 2], "texture": "#2"},
				"up": {"uv": [6, 6, 0, 0], "texture": "#2"},
				"down": {"uv": [6, 6, 0, 12], "texture": "#2"}
			}
		}
	],
	"display": {
		"thirdperson_righthand": {
			"translation": [0, 0.25, 0]
		},
		"thirdperson_lefthand": {
			"translation": [0, 0.25, 0]
		},
		"firstperson_righthand": {
			"rotation": [0, 0, -22.25]
		},
		"firstperson_lefthand": {
			"rotation": [0, 0, -22.25]
		},
		"ground": {
			"translation": [0, 0.25, 0]
		},
		"gui": {
			"rotation": [22.25, 45, 0],
			"translation": [0, -2, 0]
		},
		"head": {
			"scale": [2.25, 2.25, 2.25]
		},
		"fixed": {
			"rotation": [90, 0, 0],
			"translation": [0, 0, -19],
			"scale": [2.5, 2.5, 2.5]
		}
	}
}