{
	"textures": {
		"0": "theyard:custom/jae/gnomebody",
		"1": "theyard:custom/jae/hat1",
		"2": "theyard:custom/jae/hat2",
		"3": "theyard:custom/jae/beard",
		"4": "theyard:custom/jae/arm",
		"5": "theyard:custom/jae/ciggy",
		"particle": "theyard:custom/jae/gnomebody"
	},
	"elements": [
		{
			"from": [5, 0, 6],
			"to": [11, 12, 10],
			"faces": {
				"north": {"uv": [0, 0, 3, 6], "texture": "#0"},
				"east": {"uv": [0, 6, 2, 12], "texture": "#0"},
				"south": {"uv": [3, 0, 6, 6], "texture": "#0"},
				"west": {"uv": [6, 0, 8, 6], "texture": "#0"},
				"up": {"uv": [5, 8, 2, 6], "texture": "#0"},
				"down": {"uv": [8, 6, 5, 8], "texture": "#0"}
			}
		},
		{
			"from": [5, 12, 6],
			"to": [11, 16, 10],
			"faces": {
				"north": {"uv": [0, 0, 6, 4], "texture": "#1"},
				"east": {"uv": [0, 8, 4, 12], "texture": "#1"},
				"south": {"uv": [0, 4, 6, 8], "texture": "#1"},
				"west": {"uv": [4, 8, 8, 12], "texture": "#1"},
				"up": {"uv": [12, 4, 6, 0], "texture": "#1"},
				"down": {"uv": [12, 4, 6, 8], "texture": "#1"}
			}
		},
		{
			"from": [5.5, 15, 6.25],
			"to": [10.5, 19, 9.75],
			"faces": {
				"north": {"uv": [0, 0, 5, 4], "texture": "#2"},
				"east": {"uv": [0, 8, 4, 12], "texture": "#2"},
				"south": {"uv": [0, 4, 5, 8], "texture": "#2"},
				"west": {"uv": [4, 8, 8, 12], "texture": "#2"},
				"up": {"uv": [10, 4, 5, 0], "texture": "#2"},
				"down": {"uv": [10, 4, 5, 8], "texture": "#2"}
			}
		},
		{
			"from": [5.25, 7, 5],
			"to": [10.75, 10, 6],
			"faces": {
				"north": {"uv": [0, 0, 6, 3], "texture": "#3"},
				"east": {"uv": [6, 1, 7, 4], "texture": "#3"},
				"south": {"uv": [0, 3, 6, 6], "texture": "#3"},
				"west": {"uv": [6, 4, 7, 7], "texture": "#3"},
				"up": {"uv": [6, 7, 0, 6], "texture": "#3"},
				"down": {"uv": [12, 0, 6, 1], "texture": "#3"}
			}
		},
		{
			"from": [11, 4.1, 6.5],
			"to": [12, 8.6, 9.5],
			"faces": {
				"north": {"uv": [0, 5, 1, 10], "texture": "#4"},
				"east": {"uv": [0, 0, 3, 5], "texture": "#4"},
				"south": {"uv": [1, 5, 2, 10], "texture": "#4"},
				"west": {"uv": [3, 0, 6, 5], "texture": "#4"},
				"up": {"uv": [3, 8, 2, 5], "texture": "#4"},
				"down": {"uv": [4, 5, 3, 8], "texture": "#4"}
			}
		},
		{
			"from": [4, 4.1, 6.5],
			"to": [5, 8.6, 9.5],
			"faces": {
				"north": {"uv": [0, 5, 1, 10], "texture": "#4"},
				"east": {"uv": [0, 0, 3, 5], "texture": "#4"},
				"south": {"uv": [1, 5, 2, 10], "texture": "#4"},
				"west": {"uv": [3, 0, 6, 5], "texture": "#4"},
				"up": {"uv": [3, 8, 2, 5], "texture": "#4"},
				"down": {"uv": [4, 5, 3, 8], "texture": "#4"}
			}
		},
		{
			"from": [4.25, 9.5, 4],
			"to": [5.25, 10.5, 7.75],
			"rotation": {"angle": 22.5, "axis": "y", "origin": [3, 0, 1]},
			"faces": {
				"north": {"uv": [2, 2, 3, 3], "texture": "#5"},
				"east": {"uv": [0, 0, 4, 1], "texture": "#5"},
				"south": {"uv": [2, 3, 3, 4], "texture": "#5"},
				"west": {"uv": [0, 1, 4, 2], "texture": "#5"},
				"up": {"uv": [1, 6, 0, 2], "texture": "#5"},
				"down": {"uv": [2, 2, 1, 6], "texture": "#5"}
			}
		}
	],
	"display": {
		"thirdperson_righthand": {
			"scale": [0.6, 0.6, 0.6]
		},
		"thirdperson_lefthand": {
			"scale": [0.6, 0.6, 0.6]
		},
		"firstperson_righthand": {
			"rotation": [135, 68, -150],
			"translation": [0, 0.5, -3.5]
		},
		"firstperson_lefthand": {
			"rotation": [135, 68, -150],
			"translation": [0, 0.5, -3.5]
		},
		"ground": {
			"rotation": [13, 0, 0],
			"translation": [0, 5, 0]
		},
		"gui": {
			"rotation": [45, 135, 0],
			"translation": [0, -0.75, 0],
			"scale": [0.76, 0.76, 0.76]
		},
		"head": {
			"translation": [0, 19, 0],
			"scale": [1.5, 1.5, 1.5]
		},
		"fixed": {
			"rotation": [-90, 0, 0],
			"translation": [0, 0, -15],
			"scale": [2, 2, 2]
		}
	}
}