{
	"texture_size": [32, 32],
	"textures": {
		"0": "theyard:custom/jae/jackie",
		"particle": "theyard:custom/jae/jackie"
	},
	"elements": [
		{
			"from": [5.65, 0, 4.05],
			"to": [13.45, 3, 7.05],
			"rotation": {"angle": -22.5, "axis": "y", "origin": [11.28076, 1.5, 8.50503]},
			"faces": {
				"north": {"uv": [3, 3, 7, 4.5], "texture": "#0"},
				"east": {"uv": [3, 6, 4.5, 7.5], "texture": "#0"},
				"south": {"uv": [4.5, 0, 8.5, 1.5], "texture": "#0"},
				"west": {"uv": [4.5, 6, 6, 7.5], "texture": "#0"},
				"up": {"uv": [8.5, 3, 4.5, 1.5], "texture": "#0"},
				"down": {"uv": [7, 4.5, 3, 6], "texture": "#0"}
			}
		},
		{
			"from": [2.79358, 0, 1.56403],
			"to": [5.79358, 3, 11.06403],
			"rotation": {"angle": -22.5, "axis": "y", "origin": [5.09358, 1.5, 6.91403]},
			"faces": {
				"north": {"uv": [6, 6, 7.5, 7.5], "texture": "#0"},
				"east": {"uv": [0, 0, 4.5, 1.5], "texture": "#0"},
				"south": {"uv": [7, 3, 8.5, 4.5], "texture": "#0"},
				"west": {"uv": [0, 1.5, 4.5, 3], "texture": "#0"},
				"up": {"uv": [1.5, 7.5, 0, 3], "texture": "#0"},
				"down": {"uv": [3, 3, 1.5, 7.5], "texture": "#0"}
			}
		},
		{
			"from": [1.7, 1.25, 10],
			"to": [3.7, 2.5, 11.5],
			"rotation": {"angle": 0, "axis": "y", "origin": [-0.8, 0, 1]},
			"faces": {
				"north": {"uv": [6, 7.5, 7, 8], "texture": "#0"},
				"east": {"uv": [7.5, 6.5, 8.5, 7], "texture": "#0"},
				"south": {"uv": [7, 7.5, 8, 8], "texture": "#0"},
				"west": {"uv": [7.5, 7, 8.5, 7.5], "texture": "#0"},
				"up": {"uv": [8, 5.5, 7, 4.5], "texture": "#0"},
				"down": {"uv": [1, 7.5, 0, 8.5], "texture": "#0"}
			}
		},
		{
			"from": [1.45, 1, 11.5],
			"to": [3.95, 2.5, 13.5],
			"rotation": {"angle": 0, "axis": "y", "origin": [-0.8, 0, 1]},
			"faces": {
				"north": {"uv": [1, 7.5, 2, 8.5], "texture": "#0"},
				"east": {"uv": [2, 7.5, 3, 8.5], "texture": "#0"},
				"south": {"uv": [3, 7.5, 4, 8.5], "texture": "#0"},
				"west": {"uv": [4, 7.5, 5, 8.5], "texture": "#0"},
				"up": {"uv": [6, 8.5, 5, 7.5], "texture": "#0"},
				"down": {"uv": [8.5, 5.5, 7.5, 6.5], "texture": "#0"}
			}
		},
		{
			"from": [3.2, 1.75, 13.5],
			"to": [3.95, 2.4, 15.25],
			"rotation": {"angle": 0, "axis": "y", "origin": [-0.8, 0, 1]},
			"faces": {
				"north": {"uv": [7, 5.5, 7.5, 6], "texture": "#0"},
				"east": {"uv": [8, 4.5, 9, 5], "texture": "#0"},
				"south": {"uv": [8.5, 1.5, 9, 2], "texture": "#0"},
				"west": {"uv": [8, 5, 9, 5.5], "texture": "#0"},
				"up": {"uv": [6.5, 9, 6, 8], "texture": "#0"},
				"down": {"uv": [7, 8, 6.5, 9], "texture": "#0"}
			}
		},
		{
			"from": [2.8, 0.55, 12],
			"to": [3.55, 1, 13.75],
			"rotation": {"angle": -45, "axis": "y", "origin": [3.575, 0.775, 12.375]},
			"faces": {
				"north": {"uv": [2.5, 8.5, 3, 9], "texture": "#0"},
				"east": {"uv": [8.5, 0, 9.5, 0.5], "texture": "#0"},
				"south": {"uv": [8.5, 2.5, 9, 3], "texture": "#0"},
				"west": {"uv": [0.5, 8.5, 1.5, 9], "texture": "#0"},
				"up": {"uv": [9, 1.5, 8.5, 0.5], "texture": "#0"},
				"down": {"uv": [2, 8.5, 1.5, 9.5], "texture": "#0"}
			}
		},
		{
			"from": [2.4, 1.75, 13.5],
			"to": [3.15, 2.4, 15.25],
			"rotation": {"angle": 0, "axis": "y", "origin": [-0.8, 0, 1]},
			"faces": {
				"north": {"uv": [2, 8.5, 2.5, 9], "texture": "#0"},
				"east": {"uv": [7, 8, 8, 8.5], "texture": "#0"},
				"south": {"uv": [8.5, 2, 9, 2.5], "texture": "#0"},
				"west": {"uv": [8, 7.5, 9, 8], "texture": "#0"},
				"up": {"uv": [8.5, 9, 8, 8], "texture": "#0"},
				"down": {"uv": [0.5, 8.5, 0, 9.5], "texture": "#0"}
			}
		},
		{
			"from": [1.6, 1.75, 13.5],
			"to": [2.35, 2.4, 14.45],
			"rotation": {"angle": 0, "axis": "y", "origin": [-0.8, 0, 1]},
			"faces": {
				"north": {"uv": [4.5, 8.5, 5, 9], "texture": "#0"},
				"east": {"uv": [5, 8.5, 5.5, 9], "texture": "#0"},
				"south": {"uv": [5.5, 8.5, 6, 9], "texture": "#0"},
				"west": {"uv": [8.5, 5.5, 9, 6], "texture": "#0"},
				"up": {"uv": [9, 6.5, 8.5, 6], "texture": "#0"},
				"down": {"uv": [9, 6.5, 8.5, 7], "texture": "#0"}
			}
		},
		{
			"from": [1.61, 0.7, 13.85],
			"to": [2.34, 1.95, 14.5],
			"rotation": {"angle": 22.5, "axis": "x", "origin": [1.975, 2.075, 14.375]},
			"faces": {
				"north": {"uv": [3, 8.5, 3.5, 9], "texture": "#0"},
				"east": {"uv": [8.5, 3, 9, 3.5], "texture": "#0"},
				"south": {"uv": [3.5, 8.5, 4, 9], "texture": "#0"},
				"west": {"uv": [8.5, 3.5, 9, 4], "texture": "#0"},
				"up": {"uv": [4.5, 9, 4, 8.5], "texture": "#0"},
				"down": {"uv": [9, 4, 8.5, 4.5], "texture": "#0"}
			}
		},
		{
			"from": [14, 1, 7],
			"to": [15, 2, 8],
			"rotation": {"angle": -22.5, "axis": "y", "origin": [14.5, 0.5, 7.5]},
			"faces": {
				"north": {"uv": [0.5, 9, 1, 9.5], "texture": "#0"},
				"east": {"uv": [1, 9, 1.5, 9.5], "texture": "#0"},
				"south": {"uv": [0.5, 9, 1, 9.5], "texture": "#0"},
				"west": {"uv": [0.5, 9, 1, 9.5], "texture": "#0"},
				"up": {"uv": [0.5, 9, 1, 9.5], "texture": "#0"},
				"down": {"uv": [1, 9, 1.5, 9.5], "texture": "#0"}
			}
		},
		{
			"from": [14, 1, 5.4],
			"to": [15, 2, 6.4],
			"rotation": {"angle": -22.5, "axis": "y", "origin": [14.5, 0.5, 7.5]},
			"faces": {
				"north": {"uv": [1, 9, 1.5, 9.5], "texture": "#0"},
				"east": {"uv": [1, 9, 1.5, 9.5], "texture": "#0"},
				"south": {"uv": [0.5, 9, 1, 9.5], "texture": "#0"},
				"west": {"uv": [0.5, 9, 1, 9.5], "texture": "#0"},
				"up": {"uv": [0.5, 9, 1, 9.5], "texture": "#0"},
				"down": {"uv": [1, 9, 1.5, 9.5], "texture": "#0"}
			}
		}
	],
	"display": {
		"thirdperson_righthand": {
			"rotation": [0, 0, -90],
			"translation": [6.5, 2.25, 2.75]
		},
		"thirdperson_lefthand": {
			"rotation": [0, 0, 90],
			"translation": [-6.5, 2.25, 2.75]
		},
		"firstperson_righthand": {
			"rotation": [7, -95, -91]
		},
		"firstperson_lefthand": {
			"rotation": [-7, -95, 91],
			"translation": [0, 0, -15]
		},
		"ground": {
			"translation": [0, 4.5, 0]
		},
		"gui": {
			"rotation": [-90, 0, 180]
		},
		"head": {
			"rotation": [135, 0, 90],
			"translation": [-6.75, 10, -10]
		},
		"fixed": {
			"rotation": [-90, 0, 0],
			"translation": [-0.25, 0, -9.75],
			"scale": [1.36, 1.36, 1.36]
		}
	}
}