{
	"textures": {
		"1": "theyard:custom/jae/ytbase",
		"2": "theyard:custom/jae/face",
		"3": "theyard:custom/jae/button",
		"particle": "theyard:custom/jae/face"
	},
	"elements": [
		{
			"from": [1, 0, 1],
			"to": [15, 1, 15],
			"faces": {
				"north": {"uv": [7, 0, 14, 0.5], "texture": "#1"},
				"east": {"uv": [7, 0.5, 14, 1], "texture": "#1"},
				"south": {"uv": [7, 1, 14, 1.5], "texture": "#1"},
				"west": {"uv": [7, 1.5, 14, 2], "texture": "#1"},
				"up": {"uv": [7, 7, 0, 0], "texture": "#1"},
				"down": {"uv": [7, 7, 0, 14], "texture": "#1"}
			}
		},
		{
			"from": [2, 0.5, 2],
			"to": [14, 1.5, 14],
			"faces": {
				"north": {"uv": [6, 0, 12, 0.5], "texture": "#2"},
				"east": {"uv": [6, 0.5, 12, 1], "texture": "#2"},
				"south": {"uv": [6, 1, 12, 1.5], "texture": "#2"},
				"west": {"uv": [6, 1.5, 12, 2], "texture": "#2"},
				"up": {"uv": [6, 6, 0, 0], "texture": "#2"},
				"down": {"uv": [6, 6, 0, 12], "texture": "#2"}
			}
		},
		{
			"from": [5, 1, 9],
			"to": [11, 2, 13],
			"faces": {
				"north": {"uv": [6, 0, 12, 1], "texture": "#3"},
				"east": {"uv": [6, 2, 10, 3], "texture": "#3"},
				"south": {"uv": [6, 1, 12, 2], "texture": "#3"},
				"west": {"uv": [6, 3, 10, 4], "texture": "#3"},
				"up": {"uv": [6, 4, 0, 0], "texture": "#3"},
				"down": {"uv": [6, 4, 0, 8], "texture": "#3"}
			}
		}
	],
	"display": {
		"thirdperson_righthand": {
			"translation": [0, 4.5, 0],
			"scale": [0.6, 0.6, 0.6]
		},
		"thirdperson_lefthand": {
			"translation": [0, 4.5, 0],
			"scale": [0.6, 0.6, 0.6]
		},
		"firstperson_righthand": {
			"rotation": [-90, 45, 90],
			"translation": [-4.75, 7.25, 0.25],
			"scale": [0.8, 0.8, 0.8]
		},
		"firstperson_lefthand": {
			"rotation": [-90, 45, 90],
			"translation": [-4.75, 7.25, 0.25],
			"scale": [0.8, 0.8, 0.8]
		},
		"ground": {
			"translation": [0, 4.75, 0]
		},
		"gui": {
			"rotation": [90, 180, 0],
			"scale": [1.11328, 1.11328, 1.11328]
		},
		"head": {
			"translation": [0, 14, 0]
		},
		"fixed": {
			"rotation": [-90, 0, 0],
			"translation": [0, 0, -12.5],
			"scale": [1.78125, 1.78125, 1.78125]
		}
	}
}