{
	"credit": "Made by Laur (rosediode) for The Yard",
	"texture_size": [64, 64],
	"textures": {
		"0": "theyard:custom/laur/robitaward"
	},
	"elements": [
		{
			"name": "body",
			"from": [5, 8, 5],
			"to": [11, 14, 11],
			"rotation": {"angle": 0, "axis": "y", "origin": [8, 0, 8]},
			"faces": {
				"north": {"uv": [3, 14.5, 1.5, 16], "texture": "#0"},
				"east": {"uv": [4.5, 14.5, 3, 16], "texture": "#0"},
				"south": {"uv": [6, 14.5, 4.5, 16], "texture": "#0"},
				"west": {"uv": [1.5, 14.5, 0, 16], "texture": "#0"},
				"up": {"uv": [1.5, 14.5, 3, 13], "texture": "#0"},
				"down": {"uv": [3, 13, 4.5, 14.5], "texture": "#0"}
			}
		},
		{
			"name": "body",
			"from": [5.3, 4.1, 7.5],
			"to": [6.3, 10.1, 8.5],
			"rotation": {"angle": 0, "axis": "y", "origin": [8, 0, 8]},
			"faces": {
				"north": {"uv": [0.25, 13, 0.5, 14.5], "texture": "#0"},
				"east": {"uv": [0, 13, 0.25, 14.5], "texture": "#0"},
				"south": {"uv": [0.75, 13, 1, 14.5], "texture": "#0"},
				"west": {"uv": [0.5, 13, 0.75, 14.5], "texture": "#0"},
				"up": {"uv": [0.5, 13, 0.25, 12.75], "texture": "#0"},
				"down": {"uv": [0.75, 12.75, 0.5, 13], "texture": "#0"}
			}
		},
		{
			"name": "body",
			"from": [9.7, 4.1, 7.5],
			"to": [10.7, 10.1, 8.5],
			"rotation": {"angle": 0, "axis": "y", "origin": [8, 0, 8]},
			"faces": {
				"north": {"uv": [0.25, 13, 0.5, 14.5], "texture": "#0"},
				"east": {"uv": [0, 13, 0.25, 14.5], "texture": "#0"},
				"south": {"uv": [0.75, 13, 1, 14.5], "texture": "#0"},
				"west": {"uv": [0.5, 13, 0.75, 14.5], "texture": "#0"},
				"up": {"uv": [0.5, 13, 0.25, 12.75], "texture": "#0"},
				"down": {"uv": [0.75, 12.75, 0.5, 13], "texture": "#0"}
			}
		},
		{
			"name": "wheel",
			"from": [6, 2, 11],
			"to": [10, 6, 12],
			"rotation": {"angle": 0, "axis": "y", "origin": [8, 0, 8]},
			"faces": {
				"north": {"uv": [1, 12, 2, 13], "texture": "#0"},
				"east": {"uv": [0.75, 12, 1, 13], "texture": "#0"},
				"south": {"uv": [2.25, 12, 3.25, 13], "texture": "#0"},
				"west": {"uv": [2, 12, 2.25, 13], "texture": "#0"},
				"up": {"uv": [2, 12, 1, 11.75], "texture": "#0"},
				"down": {"uv": [3, 11.75, 2, 12], "texture": "#0"}
			}
		},
		{
			"name": "wheel",
			"from": [6, 2, 4],
			"to": [10, 6, 5],
			"rotation": {"angle": 0, "axis": "y", "origin": [8, 0, 8]},
			"faces": {
				"north": {"uv": [3.5, 12, 4.5, 13], "texture": "#0"},
				"east": {"uv": [3.25, 12, 3.5, 13], "texture": "#0"},
				"south": {"uv": [4.75, 12, 5.75, 13], "texture": "#0"},
				"west": {"uv": [4.5, 12, 4.75, 13], "texture": "#0"},
				"up": {"uv": [4.5, 12, 3.5, 11.75], "texture": "#0"},
				"down": {"uv": [5.5, 11.75, 4.5, 12], "texture": "#0"}
			}
		},
		{
			"name": "wheel",
			"from": [6, 1, 10],
			"to": [10, 7, 11],
			"rotation": {"angle": 0, "axis": "y", "origin": [8, 0, 8]},
			"faces": {
				"north": {"uv": [13.75, 0.25, 14.75, 1.75], "texture": "#0"},
				"east": {"uv": [13.5, 0.25, 13.75, 1.75], "texture": "#0"},
				"south": {"uv": [15, 0.25, 16, 1.75], "texture": "#0"},
				"west": {"uv": [14.75, 0.25, 15, 1.75], "texture": "#0"},
				"up": {"uv": [14.75, 0.25, 13.75, 0], "texture": "#0"},
				"down": {"uv": [15.75, 0, 14.75, 0.25], "texture": "#0"}
			}
		},
		{
			"name": "wheel",
			"from": [6, 1, 5],
			"to": [10, 7, 6],
			"rotation": {"angle": 0, "axis": "y", "origin": [8, 0, 8]},
			"faces": {
				"north": {"uv": [11.25, 0.25, 12.25, 1.75], "texture": "#0"},
				"east": {"uv": [11, 0.25, 11.25, 1.75], "texture": "#0"},
				"south": {"uv": [12.5, 0.25, 13.5, 1.75], "texture": "#0"},
				"west": {"uv": [12.25, 0.25, 12.5, 1.75], "texture": "#0"},
				"up": {"uv": [12.25, 0.25, 11.25, 0], "texture": "#0"},
				"down": {"uv": [13.25, 0, 12.25, 0.25], "texture": "#0"}
			}
		},
		{
			"name": "wheel",
			"from": [6, 0, 6],
			"to": [10, 8, 10],
			"rotation": {"angle": 0, "axis": "y", "origin": [8, 0, 8]},
			"faces": {
				"north": {"uv": [14, 2.75, 13, 4.75], "texture": "#0"},
				"east": {"uv": [15, 2.75, 14, 4.75], "texture": "#0"},
				"south": {"uv": [16, 2.75, 15, 4.75], "texture": "#0"},
				"west": {"uv": [13, 2.75, 12, 4.75], "texture": "#0"},
				"up": {"uv": [13, 2.75, 14, 1.75], "texture": "#0"},
				"down": {"uv": [14, 1.75, 15, 2.75], "texture": "#0"}
			}
		},
		{
			"name": "larm",
			"from": [4, 7, 7],
			"to": [5, 13, 8],
			"rotation": {"angle": 0, "axis": "z", "origin": [8, 0, 8]},
			"faces": {
				"north": {"uv": [0.5, 13, 0.25, 14.5], "texture": "#0"},
				"east": {"uv": [0.75, 13, 0.5, 14.5], "texture": "#0"},
				"south": {"uv": [1, 13, 0.75, 14.5], "texture": "#0"},
				"west": {"uv": [0.25, 13, 0, 14.5], "texture": "#0"},
				"up": {"uv": [0.25, 13, 0.5, 12.75], "texture": "#0"},
				"down": {"uv": [0.5, 12.75, 0.75, 13], "texture": "#0"}
			}
		},
		{
			"name": "larm",
			"from": [3, 4, 6],
			"to": [4, 6, 9],
			"rotation": {"angle": 0, "axis": "z", "origin": [8, 0, 8]},
			"faces": {
				"north": {"uv": [0.75, 11, 1, 11.5], "texture": "#0"},
				"east": {"uv": [0, 11, 0.75, 11.5], "texture": "#0"},
				"south": {"uv": [1.75, 11, 2, 11.5], "texture": "#0"},
				"west": {"uv": [1, 11, 1.75, 11.5], "texture": "#0"},
				"up": {"uv": [1, 11, 0.75, 10.25], "texture": "#0"},
				"down": {"uv": [1.25, 10.25, 1, 11], "texture": "#0"}
			}
		},
		{
			"name": "larm",
			"from": [4, 6, 6],
			"to": [5, 7, 9],
			"rotation": {"angle": 0, "axis": "z", "origin": [8, 0, 8]},
			"faces": {
				"north": {"uv": [0.75, 11, 1, 11.25], "texture": "#0"},
				"east": {"uv": [0, 11, 0.75, 11.25], "texture": "#0"},
				"south": {"uv": [1.75, 11, 2, 11.25], "texture": "#0"},
				"west": {"uv": [1, 11, 1.75, 11.25], "texture": "#0"},
				"up": {"uv": [1, 11, 0.75, 10.25], "texture": "#0"},
				"down": {"uv": [1.25, 10.25, 1, 11], "texture": "#0"}
			}
		},
		{
			"name": "larm",
			"from": [5, 4, 6],
			"to": [6, 6, 9],
			"rotation": {"angle": 0, "axis": "z", "origin": [8, 0, 8]},
			"faces": {
				"north": {"uv": [1, 11, 0.75, 11.5], "texture": "#0"},
				"east": {"uv": [1.75, 11, 1, 11.5], "texture": "#0"},
				"south": {"uv": [2, 11, 1.75, 11.5], "texture": "#0"},
				"west": {"uv": [0.75, 11, 0, 11.5], "texture": "#0"},
				"up": {"uv": [0.75, 11, 1, 10.25], "texture": "#0"},
				"down": {"uv": [1, 10.25, 1.25, 11], "texture": "#0"}
			}
		},
		{
			"name": "rarm",
			"from": [12, 4, 6],
			"to": [13, 6, 9],
			"rotation": {"angle": 0, "axis": "y", "origin": [8, 0, 8]},
			"faces": {
				"north": {"uv": [0.75, 11, 1, 11.5], "texture": "#0"},
				"east": {"uv": [0, 11, 0.75, 11.5], "texture": "#0"},
				"south": {"uv": [1.75, 11, 2, 11.5], "texture": "#0"},
				"west": {"uv": [1, 11, 1.75, 11.5], "texture": "#0"},
				"up": {"uv": [1, 11, 0.75, 10.25], "texture": "#0"},
				"down": {"uv": [1.25, 10.25, 1, 11], "texture": "#0"}
			}
		},
		{
			"name": "rarm",
			"from": [11, 6, 6],
			"to": [12, 7, 9],
			"rotation": {"angle": 0, "axis": "y", "origin": [8, 0, 8]},
			"faces": {
				"north": {"uv": [0.75, 11, 1, 11.25], "texture": "#0"},
				"east": {"uv": [0, 11, 0.75, 11.25], "texture": "#0"},
				"south": {"uv": [1.75, 11, 2, 11.25], "texture": "#0"},
				"west": {"uv": [1, 11, 1.75, 11.25], "texture": "#0"},
				"up": {"uv": [1, 11, 0.75, 10.25], "texture": "#0"},
				"down": {"uv": [1.25, 10.25, 1, 11], "texture": "#0"}
			}
		},
		{
			"name": "rarm",
			"from": [10, 4, 6],
			"to": [11, 6, 9],
			"rotation": {"angle": 0, "axis": "y", "origin": [8, 0, 8]},
			"faces": {
				"north": {"uv": [1, 11, 1.25, 11.5], "texture": "#0"},
				"east": {"uv": [0.25, 11, 1, 11.5], "texture": "#0"},
				"south": {"uv": [2, 11, 2.25, 11.5], "texture": "#0"},
				"west": {"uv": [1.25, 11, 2, 11.5], "texture": "#0"},
				"up": {"uv": [1.25, 11, 1, 10.25], "texture": "#0"},
				"down": {"uv": [1.5, 10.25, 1.25, 11], "texture": "#0"}
			}
		},
		{
			"name": "rarm",
			"from": [11, 7, 7],
			"to": [12, 13, 8],
			"rotation": {"angle": 0, "axis": "y", "origin": [8, 0, 8]},
			"faces": {
				"north": {"uv": [0.25, 13, 0.5, 14.5], "texture": "#0"},
				"east": {"uv": [0, 13, 0.25, 14.5], "texture": "#0"},
				"south": {"uv": [0.75, 13, 1, 14.5], "texture": "#0"},
				"west": {"uv": [0.5, 13, 0.75, 14.5], "texture": "#0"},
				"up": {"uv": [0.5, 13, 0.25, 12.75], "texture": "#0"},
				"down": {"uv": [0.75, 12.75, 0.5, 13], "texture": "#0"}
			}
		},
		{
			"name": "h_ead",
			"from": [4, 14, 4],
			"to": [12, 21, 7],
			"rotation": {"angle": 0, "axis": "y", "origin": [8, 0, 8]},
			"faces": {
				"north": {"uv": [2.75, 0.75, 0.75, 2.5], "texture": "#0"},
				"east": {"uv": [3.5, 0.75, 2.75, 2.5], "texture": "#0"},
				"south": {"uv": [5.5, 0.75, 3.5, 2.5], "texture": "#0"},
				"west": {"uv": [0.75, 0.75, 0, 2.5], "texture": "#0"},
				"up": {"uv": [0.75, 0.75, 2.75, 0], "texture": "#0"},
				"down": {"uv": [2.75, 0, 4.75, 0.75], "texture": "#0"}
			}
		},
		{
			"name": "h_ead",
			"from": [4, 14, 7],
			"to": [12, 20, 9],
			"rotation": {"angle": 0, "axis": "y", "origin": [8, 0, 8]},
			"faces": {
				"north": {"uv": [2.5, 3, 0.5, 4.5], "texture": "#0"},
				"east": {"uv": [3, 3, 2.5, 4.5], "texture": "#0"},
				"south": {"uv": [5, 3, 3, 4.5], "texture": "#0"},
				"west": {"uv": [0.5, 3, 0, 4.5], "texture": "#0"},
				"up": {"uv": [0.5, 3, 2.5, 2.5], "texture": "#0"},
				"down": {"uv": [2.5, 2.5, 4.5, 3], "texture": "#0"}
			}
		},
		{
			"name": "h_ead",
			"from": [4, 14, 9],
			"to": [12, 19, 11],
			"rotation": {"angle": 0, "axis": "y", "origin": [8, 0, 8]},
			"faces": {
				"north": {"uv": [0.5, 5, 2.5, 6.25], "texture": "#0"},
				"east": {"uv": [0, 5, 0.5, 6.25], "texture": "#0"},
				"south": {"uv": [3, 5, 5, 6.25], "texture": "#0"},
				"west": {"uv": [2.5, 5, 3, 6.25], "texture": "#0"},
				"up": {"uv": [2.5, 5, 0.5, 4.5], "texture": "#0"},
				"down": {"uv": [4.5, 4.5, 2.5, 5], "texture": "#0"}
			}
		},
		{
			"name": "h_ead",
			"from": [4, 14, 11],
			"to": [12, 18, 12],
			"rotation": {"angle": 0, "axis": "y", "origin": [8, 0, 8]},
			"faces": {
				"north": {"uv": [0.5, 6.5, 2.5, 7.5], "texture": "#0"},
				"east": {"uv": [0.25, 6.5, 0.5, 7.5], "texture": "#0"},
				"south": {"uv": [2.75, 6.5, 4.75, 7.5], "texture": "#0"},
				"west": {"uv": [2.5, 6.5, 2.75, 7.5], "texture": "#0"},
				"up": {"uv": [2.5, 6.5, 0.5, 6.25], "texture": "#0"},
				"down": {"uv": [4.5, 6.25, 2.5, 6.5], "texture": "#0"}
			}
		},
		{
			"name": "hitbox",
			"from": [3, 0, 3],
			"to": [12, 21, 13],
			"rotation": {"angle": 0, "axis": "y", "origin": [8, 0, 8]},
			"faces": {
				"north": {"uv": [9, 10.75, 11.25, 16], "texture": "#0"},
				"east": {"uv": [6.5, 10.75, 9, 16], "texture": "#0"},
				"south": {"uv": [13.75, 10.75, 16, 16], "texture": "#0"},
				"west": {"uv": [11.25, 10.75, 13.75, 16], "texture": "#0"},
				"up": {"uv": [11.25, 10.75, 9, 8.25], "texture": "#0"},
				"down": {"uv": [13.5, 8.25, 11.25, 10.75], "texture": "#0"}
			}
		}
	],
	"groups": [
		{
			"name": "body",
			"origin": [0, 24, 0],
			"color": 0,
			"children": [
				0,
				1,
				2,
				{
					"name": "wheel",
					"origin": [8, 4, 8],
					"color": 1,
					"children": [3, 4, 5, 6, 7]
				},
				{
					"name": "larm",
					"origin": [5, 12.5, 7.5],
					"color": 2,
					"children": [8, 9, 10, 11]
				},
				{
					"name": "rarm",
					"origin": [11, 12.5, 7.5],
					"color": 3,
					"children": [12, 13, 14, 15]
				},
				{
					"name": "h_ead",
					"origin": [8, 14, 8],
					"color": 4,
					"children": [16, 17, 18, 19]
				}
			]
		},
		{
			"name": "hitbox",
			"origin": [8, 17.5, 8],
			"color": 5,
			"children": [20]
		}
	]
}