{
	"parent": "item/generated",
	"textures": {
		"layer0": "item/amethyst_shard"
	},
	"overrides": [
		{ "predicate": {"custom_model_data":1},"model":"item/custom/crackpipe"},
		{ "predicate": {"custom_model_data":2},"model":"item/custom/chocolatesmonkeypaw"},
		{ "predicate": {"custom_model_data":3},"model":"item/custom/easteregg"},
		{ "predicate": {"custom_model_data":4},"model":"item/custom/horsey"},
		{ "predicate": {"custom_model_data":5},"model":"item/custom/kickflipped-playbutton"},
		{ "predicate": {"custom_model_data":6},"model":"item/custom/meleeiso"},
		{ "predicate": {"custom_model_data":7},"model":"item/custom/ottos-shackle"},
		{ "predicate": {"custom_model_data":8},"model":"item/custom/gnome"},
		{ "predicate": {"custom_model_data":9},"model":"item/custom/sambarkey"},
		{ "predicate": {"custom_model_data":10},"model":"item/custom/wax"}
	]
}