{
	"parent": "item/generated",

	"overrides": [
		{ "predicate": {"custom_model_data":1},"model":"item/custom/diamondtrophy"},
		{ "predicate": {"custom_model_data":2},"model":"item/custom/coppertrophy"},
		{ "predicate": {"custom_model_data":3},"model":"item/custom/goldtrophy"},
		{ "predicate": {"custom_model_data":4},"model":"item/custom/irontrophy"},
		{ "predicate": {"custom_model_data":5},"model":"item/custom/lapistrophy"},
		{ "predicate": {"custom_model_data":6},"model":"item/custom/redstonetrophy"},
		{ "predicate": {"custom_model_data":7},"model":"item/custom/netheritetrophy"},
		{ "predicate": {"custom_model_data":8},"model":"item/custom/emeraldtrophy"}
	]
	
}