{
	"parent": "item/generated",

	"overrides": [
		{ "predicate": {"custom_model_data":1},"model":"item/custom/diamondtrophy"},
		{ "predicate": {"custom_model_data":2},"model":"item/custom/coppertrophy"},
		{ "predicate": {"custom_model_data":3},"model":"item/custom/goldtrophy"},
		{ "predicate": {"custom_model_data":4},"model":"item/custom/irontrophy"},
		{ "predicate": {"custom_model_data":5},"model":"item/custom/lapistrophy"},
		{ "predicate": {"custom_model_data":6},"model":"item/custom/redstonetrophy"},
		{ "predicate": {"custom_model_data":7},"model":"item/custom/netheritetrophy"},
		{ "predicate": {"custom_model_data":8},"model":"item/custom/emeraldtrophy"},
		{ "predicate": {"custom_model_data":9},"model":"item/custom/adiensrose"},
		{ "predicate": {"custom_model_data":10},"model":"item/custom/juvee"},
		{ "predicate": {"custom_model_data":11},"model":"item/custom/trapdoor"},
		{ "predicate": {"custom_model_data":12},"model":"item/custom/boxing"},
		{ "predicate": {"custom_model_data":13},"model":"item/custom/jackie"},
		{ "predicate": {"custom_model_data":14},"model":"item/custom/sus"},
		{ "predicate": {"custom_model_data":15},"model":"item/custom/silencepainting"},
		{ "predicate": {"custom_model_data":16},"model":"item/custom/flintlock"},
		{ "predicate": {"custom_model_data":17},"model":"item/custom/gnome"},
		{ "predicate": {"custom_model_data":18},"model":"item/custom/bugzap"},
		{ "predicate": {"custom_model_data":19},"model":"item/custom/playbutton"},
		{ "predicate": {"custom_model_data":20},"model":"item/custom/meleeiso"},
		{ "predicate": {"custom_model_data":21},"model":"item/custom/slimehammer"},
		{ "predicate": {"custom_model_data":22},"model":"item/custom/keikey"},
		{ "predicate": {"custom_model_data":23},"model":"item/custom/beasttire"}
	]
	
}