{
    "effect.notification_negative": {
        "sounds": [
            "theyard:effect/notification_negative"
        ]
    },
    "effect.notification_neutral": {
        "sounds": [
            "theyard:effect/notification_neutral"
        ]
    },
    "effect.notification_positive": {
        "sounds": [
            "theyard:effect/notification_positive"
        ]
    },
    "effect.private_message": {
        "sounds": [
            "theyard:effect/private_message"
        ]
    },
    "effect.staff_request": {
        "sounds": [
            "theyard:effect/staff_request"
        ]
    },
    "effect.announcement": {
        "sounds": [
            "theyard:effect/announcement"
        ]
    }
}