{
  "providers": [
    {
      "type": "bitmap",
      "file": "theyard:font/icons/notify_gray.png",
      "ascent": 7,
      "height": 7,
      "chars": ["\uE200"]
    },
    {
      "type": "bitmap",
      "file": "theyard:font/icons/notify_red.png",
      "ascent": 7,
      "height": 7,
      "chars": ["\uE201"]
    },
    {
      "type": "bitmap",
      "file": "theyard:font/icons/notify_green.png",
      "ascent": 7,
      "height": 7,
      "chars": ["\uE202"]
    },
    {
      "type": "bitmap",
      "file": "theyard:font/icons/notify_yellow.png",
      "ascent": 7,
      "height": 7,
      "chars": ["\uE203"]
    },
    {
      "type": "bitmap",
      "file": "theyard:font/logo/the_yard.png",
      "ascent": 64,
      "height": 64,
      "chars": ["\uE205\uE206", "\uE207\uE208"]
    },
    {
      "ascent": -32768,
      "chars": ["\uE209"],
      "file": "theyard:font/spacing/pixel_split.png",
      "height": 3,
      "type": "bitmap"
    },
    {
      "ascent": -32768,
      "chars": ["\uE210"],
      "file": "theyard:font/spacing/pixel_split.png",
      "height": -3,
      "type": "bitmap"
    },
    {
      "type": "bitmap",
      "file": "theyard:font/ranks/yard.png",
      "ascent": 7,
      "height": 7,
      "chars": ["\uE220"]
    },
    {
      "type": "bitmap",
      "file": "theyard:font/ranks/admin.png",
      "ascent": 7,
      "height": 7,
      "chars": ["\uE221"]
    },
    {
      "type": "bitmap",
      "file": "theyard:font/ranks/developer.png",
      "ascent": 7,
      "height": 7,
      "chars": ["\uE222"]
    },
    {
      "type": "bitmap",
      "file": "theyard:font/ranks/vip.png",
      "ascent": 7,
      "height": 7,
      "chars": ["\uE223"]
    },
    {
      "type": "bitmap",
      "file": "theyard:font/ranks/moderator.png",
      "ascent": 7,
      "height": 7,
      "chars": ["\uE224"]
    },
    {
      "type": "bitmap",
      "file": "theyard:font/ranks/fuckyou.png",
      "ascent": 7,
      "height": 7,
      "chars": ["\uE225"]
    },
    {
      "type": "bitmap",
      "file": "theyard:font/ranks/shillionaire.png",
      "ascent": 7,
      "height": 7,
      "chars": ["\uE226"]
    },
    {
      "type": "bitmap",
      "file": "theyard:font/ranks/richking.png",
      "ascent": 7,
      "height": 7,
      "chars": ["\uE227"]
    },
    {
      "type": "bitmap",
      "file": "theyard:font/ranks/shill.png",
      "ascent": 7,
      "height": 7,
      "chars": ["\uE228"]
    },
    {
      "type": "bitmap",
      "file": "theyard:font/ui/server_selector.png",
      "ascent": 19,
      "height": 256,
      "chars": ["\uE229"]
    }
  ]
}
