{
	"textures": {
		"1": "minecraft:item/prizes/flower",
		"2": "minecraft:item/prizes/rosevase",
		"particle": "minecraft:item/prizes/rosevase"
	},
	"elements": [
		{
			"from": [7, 2, 7],
			"to": [9, 4, 13],
			"faces": {
				"north": {"uv": [7, 9, 9, 11], "texture": "#2"},
				"east": {"uv": [0, 0, 6, 2], "texture": "#2"},
				"south": {"uv": [9, 9, 11, 11], "texture": "#2"},
				"west": {"uv": [0, 2, 6, 4], "texture": "#2"},
				"up": {"uv": [2, 10, 0, 4], "texture": "#2"},
				"down": {"uv": [4, 4, 2, 10], "texture": "#2"}
			}
		},
		{
			"from": [6.5, 1.5, 4],
			"to": [9.5, 4.5, 7],
			"faces": {
				"north": {"uv": [4, 4, 7, 7], "texture": "#2"},
				"east": {"uv": [6, 0, 9, 3], "texture": "#2"},
				"south": {"uv": [7, 3, 10, 6], "texture": "#2"},
				"west": {"uv": [4, 7, 7, 10], "texture": "#2"},
				"up": {"uv": [10, 9, 7, 6], "texture": "#2"},
				"down": {"uv": [12, 0, 9, 3], "texture": "#2"}
			}
		},
		{
			"from": [7, 2.20355, 5.75],
			"to": [9, 4.20355, 5.75],
			"rotation": {"angle": -45, "axis": "x", "origin": [8, 2.95355, 5.5]},
			"faces": {
				"north": {"uv": [2, 4, 4, 6], "texture": "#1"},
				"east": {"uv": [0, 0, 0, 2], "texture": "#1"},
				"south": {"uv": [4, 2, 6, 4], "texture": "#1"},
				"west": {"uv": [0, 0, 0, 2], "texture": "#1"},
				"up": {"uv": [2, 0, 0, 0], "texture": "#1"},
				"down": {"uv": [2, 0, 0, 0], "texture": "#1"}
			}
		},
		{
			"from": [7, 2.70355, 4.25],
			"to": [9, 2.70355, 6.25],
			"rotation": {"angle": -45, "axis": "x", "origin": [8, 2.95355, 5.5]},
			"faces": {
				"north": {"uv": [2, 0, 0, 0], "rotation": 180, "texture": "#1"},
				"east": {"uv": [0, 0, 0, 2], "rotation": 90, "texture": "#1"},
				"south": {"uv": [2, 0, 0, 0], "texture": "#1"},
				"west": {"uv": [0, 0, 0, 2], "rotation": 270, "texture": "#1"},
				"up": {"uv": [4, 0, 6, 2], "texture": "#1"},
				"down": {"uv": [0, 4, 2, 6], "rotation": 180, "texture": "#1"}
			}
		},
		{
			"from": [7.75, 1.95355, 4.25],
			"to": [7.75, 3.95355, 6.25],
			"rotation": {"angle": 45, "axis": "y", "origin": [8, 2.95355, 5.5]},
			"faces": {
				"north": {"uv": [0, 2, 0, 0], "rotation": 180, "texture": "#1"},
				"east": {"uv": [2, 0, 4, 2], "rotation": 90, "texture": "#1"},
				"south": {"uv": [0, 0, 0, 2], "texture": "#1"},
				"west": {"uv": [2, 2, 4, 4], "rotation": 270, "texture": "#1"},
				"up": {"uv": [0, 0, 0, 2], "texture": "#1"},
				"down": {"uv": [0, 0, 0, 2], "rotation": 180, "texture": "#1"}
			}
		},
		{
			"from": [8.25, 1.95355, 4.25],
			"to": [8.25, 3.95355, 6.25],
			"rotation": {"angle": -45, "axis": "y", "origin": [8, 2.95355, 5.5]},
			"faces": {
				"north": {"uv": [0, 2, 0, 0], "rotation": 180, "texture": "#1"},
				"east": {"uv": [0, 0, 2, 2], "rotation": 90, "texture": "#1"},
				"south": {"uv": [0, 0, 0, 2], "texture": "#1"},
				"west": {"uv": [0, 2, 2, 4], "rotation": 270, "texture": "#1"},
				"up": {"uv": [0, 0, 0, 2], "texture": "#1"},
				"down": {"uv": [0, 0, 0, 2], "rotation": 180, "texture": "#1"}
			}
		},
		{
			"from": [8, 1.6, 6],
			"to": [8, 4.4, 12],
			"rotation": {"angle": 45, "axis": "z", "origin": [8, 3, 8.5]},
			"faces": {
				"north": {"uv": [0, 0, 0, 3], "texture": "#1"},
				"east": {"uv": [6, 0, 12, 3], "texture": "#1"},
				"south": {"uv": [0, 0, 0, 3], "texture": "#1"},
				"west": {"uv": [6, 3, 12, 6], "texture": "#1"},
				"up": {"uv": [0, 0, 0, 6], "texture": "#1"},
				"down": {"uv": [0, 0, 0, 6], "texture": "#1"}
			}
		},
		{
			"from": [8, 1.6, 6],
			"to": [8, 4.4, 12],
			"rotation": {"angle": -45, "axis": "z", "origin": [8, 3, 8.5]},
			"faces": {
				"north": {"uv": [0, 0, 0, 3], "texture": "#1"},
				"east": {"uv": [6, 0, 12, 3], "texture": "#1"},
				"south": {"uv": [0, 0, 0, 3], "texture": "#1"},
				"west": {"uv": [6, 3, 12, 6], "texture": "#1"},
				"up": {"uv": [0, 0, 0, 6], "texture": "#1"},
				"down": {"uv": [0, 0, 0, 6], "texture": "#1"}
			}
		}
	],
	"display": {
		"thirdperson_righthand": {
			"translation": [0, 6, 1]
		},
		"thirdperson_lefthand": {
			"translation": [0, 6, 1]
		},
		"firstperson_righthand": {
			"translation": [0, 7, -2.5]
		},
		"firstperson_lefthand": {
			"translation": [0, 7, -2.5]
		},
		"ground": {
			"translation": [0, 6.25, 0],
			"scale": [1.5, 1.5, 1.5]
		},
		"gui": {
			"rotation": [-90, 45, 157],
			"translation": [-2, 1.75, 0],
			"scale": [1.5, 1.5, 1.5]
		},
		"head": {
			"rotation": [-14, 12.75, 0],
			"translation": [-1.5, -0.75, -11.75]
		},
		"fixed": {
			"rotation": [-90, -45, 0],
			"translation": [0, 0, -12],
			"scale": [2, 2, 2]
		}
	},
	"groups": [
		0,
		1,
		{
			"name": "flower",
			"origin": [1, 1.08839, 2.08839],
			"color": 0,
			"children": [2, 3, 4, 5, 6, 7]
		}
	]
}