{
	"texture_size": [32, 32],
	"textures": {
		"0": "minecraft:item/prizes/beasttire",
		"particle": "minecraft:item/prizes/beasttire"
	},
	"elements": [
		{
			"from": [4, 1, 4],
			"to": [12, 6, 12],
			"faces": {
				"north": {"uv": [6.5, 1.75, 8.5, 3], "texture": "#0"},
				"east": {"uv": [6.5, 3, 8.5, 4.25], "texture": "#0"},
				"south": {"uv": [1.5, 7, 3.5, 8.25], "texture": "#0"},
				"west": {"uv": [3.5, 7, 5.5, 8.25], "texture": "#0"},
				"up": {"uv": [2, 2, 0, 0], "texture": "#0"},
				"down": {"uv": [2, 2, 0, 4], "texture": "#0"}
			}
		},
		{
			"from": [5.1, -0.001, 1],
			"to": [10.9, 7, 4],
			"faces": {
				"north": {"uv": [2, 0, 3.5, 1.75], "texture": "#0"},
				"east": {"uv": [5.5, 7, 6.25, 8.75], "texture": "#0"},
				"south": {"uv": [2, 1.75, 3.5, 3.5], "texture": "#0"},
				"west": {"uv": [6.25, 7, 7, 8.75], "texture": "#0"},
				"up": {"uv": [10, 4.25, 8.5, 3.5], "texture": "#0"},
				"down": {"uv": [10, 6, 8.5, 6.75], "texture": "#0"}
			}
		},
		{
			"from": [12, 0, 5.1],
			"to": [15, 7.001, 10.9],
			"rotation": {"angle": 45, "axis": "y", "origin": [8, 3.5, 8]},
			"faces": {
				"north": {"uv": [4.5, 8.25, 5.25, 10], "texture": "#0"},
				"east": {"uv": [6, 5.25, 7.5, 7], "texture": "#0"},
				"south": {"uv": [8.5, 1.75, 9.25, 3.5], "texture": "#0"},
				"west": {"uv": [6.5, 0, 8, 1.75], "texture": "#0"},
				"up": {"uv": [1.5, 10.75, 0.75, 9.25], "texture": "#0"},
				"down": {"uv": [10, 8.25, 9.25, 9.75], "texture": "#0"}
			}
		},
		{
			"from": [5.1, 0, 12],
			"to": [10.9, 7.001, 15],
			"rotation": {"angle": 45, "axis": "y", "origin": [8, 3.5, 8]},
			"faces": {
				"north": {"uv": [4.5, 5.25, 6, 7], "texture": "#0"},
				"east": {"uv": [3.75, 8.25, 4.5, 10], "texture": "#0"},
				"south": {"uv": [0, 5.75, 1.5, 7.5], "texture": "#0"},
				"west": {"uv": [8.25, 4.25, 9, 6], "texture": "#0"},
				"up": {"uv": [10.75, 2.25, 9.25, 1.5], "texture": "#0"},
				"down": {"uv": [10.75, 2.25, 9.25, 3], "texture": "#0"}
			}
		},
		{
			"from": [1, 0, 5.1],
			"to": [4, 7.001, 10.9],
			"rotation": {"angle": 45, "axis": "y", "origin": [8, 3.5, 8]},
			"faces": {
				"north": {"uv": [2.25, 8.25, 3, 10], "texture": "#0"},
				"east": {"uv": [1.5, 5.25, 3, 7], "texture": "#0"},
				"south": {"uv": [3, 8.25, 3.75, 10], "texture": "#0"},
				"west": {"uv": [3, 5.25, 4.5, 7], "texture": "#0"},
				"up": {"uv": [7.5, 10.25, 6.75, 8.75], "texture": "#0"},
				"down": {"uv": [0.75, 9.25, 0, 10.75], "texture": "#0"}
			}
		},
		{
			"from": [5.1, 0, 1],
			"to": [10.9, 7.001, 4],
			"rotation": {"angle": 45, "axis": "y", "origin": [8, 3.5, 8]},
			"faces": {
				"north": {"uv": [5, 1.75, 6.5, 3.5], "texture": "#0"},
				"east": {"uv": [8, 0, 8.75, 1.75], "texture": "#0"},
				"south": {"uv": [5, 3.5, 6.5, 5.25], "texture": "#0"},
				"west": {"uv": [1.5, 8.25, 2.25, 10], "texture": "#0"},
				"up": {"uv": [10.5, 5, 9, 4.25], "texture": "#0"},
				"down": {"uv": [10.5, 5, 9, 5.75], "texture": "#0"}
			}
		},
		{
			"from": [5.1, -0.001, 12],
			"to": [10.9, 7, 15],
			"faces": {
				"north": {"uv": [3.5, 0, 5, 1.75], "texture": "#0"},
				"east": {"uv": [7, 7, 7.75, 8.75], "texture": "#0"},
				"south": {"uv": [3.5, 1.75, 5, 3.5], "texture": "#0"},
				"west": {"uv": [0, 7.5, 0.75, 9.25], "texture": "#0"},
				"up": {"uv": [10, 7.5, 8.5, 6.75], "texture": "#0"},
				"down": {"uv": [10, 7.5, 8.5, 8.25], "texture": "#0"}
			}
		},
		{
			"from": [12, -0.001, 5.1],
			"to": [15, 7, 10.9],
			"faces": {
				"north": {"uv": [0.75, 7.5, 1.5, 9.25], "texture": "#0"},
				"east": {"uv": [2, 3.5, 3.5, 5.25], "texture": "#0"},
				"south": {"uv": [7.5, 4.25, 8.25, 6], "texture": "#0"},
				"west": {"uv": [3.5, 3.5, 5, 5.25], "texture": "#0"},
				"up": {"uv": [9.25, 9.75, 8.5, 8.25], "texture": "#0"},
				"down": {"uv": [9.5, 0, 8.75, 1.5], "texture": "#0"}
			}
		},
		{
			"from": [1, -0.001, 5.1],
			"to": [4, 7, 10.9],
			"faces": {
				"north": {"uv": [7.75, 6, 8.5, 7.75], "texture": "#0"},
				"east": {"uv": [0, 4, 1.5, 5.75], "texture": "#0"},
				"south": {"uv": [7.75, 7.75, 8.5, 9.5], "texture": "#0"},
				"west": {"uv": [5, 0, 6.5, 1.75], "texture": "#0"},
				"up": {"uv": [6, 10.25, 5.25, 8.75], "texture": "#0"},
				"down": {"uv": [6.75, 8.75, 6, 10.25], "texture": "#0"}
			}
		}
	],
	"display": {
		"thirdperson_righthand": {
			"rotation": [0, 0, 90],
			"translation": [-2.25, 0, 0],
			"scale": [0.5, 0.5, 0.5]
		},
		"thirdperson_lefthand": {
			"rotation": [0, 0, 90],
			"translation": [-2.25, 0, 0],
			"scale": [0.5, 0.5, 0.5]
		},
		"firstperson_righthand": {
			"rotation": [0, 0, 45],
			"translation": [0.5, 1.5, -5]
		},
		"firstperson_lefthand": {
			"rotation": [0, 0, 45],
			"translation": [0.5, 1.5, -5]
		},
		"ground": {
			"translation": [0, 8.75, 0],
			"scale": [1.58, 1.58, 1.58]
		},
		"gui": {
			"rotation": [45, 0, -30],
			"translation": [2, 2.5, 0],
			"scale": [0.9, 0.9, 0.9]
		},
		"head": {
			"translation": [0, 14.25, 0]
		},
		"fixed": {
			"rotation": [-90, 0, 0],
			"translation": [0, 0, -22],
			"scale": [3, 3, 3]
		}
	}
}