{
	"textures": {
		"1": "block/diamond_block",
		"2": "block/stripped_dark_oak_log",
		"8": "block/cauldron_inner",
		"particle": "block/diamond_block"
	},
	"elements": [
		{
			"name": "Base",
			"from": [2.9375, -0.10813, 2.9375],
			"to": [13.0625, 1.15749, 13.0625],
			"rotation": {"angle": 0, "axis": "y", "origin": [1.22875, 0.90437, 0.91875]},
			"faces": {
				"north": {"uv": [4, 13, 12, 13.8], "texture": "#2"},
				"east": {"uv": [4, 13.8, 12, 14.6], "texture": "#2"},
				"south": {"uv": [4, 1.6, 12, 2.4], "texture": "#2"},
				"west": {"uv": [4, 2.4, 12, 3.2], "texture": "#2"},
				"up": {"uv": [12, 8, 4, 0], "texture": "#2"},
				"down": {"uv": [12, 8, 4, 16], "texture": "#2"}
			}
		},
		{
			"name": "Base2",
			"from": [5.46875, 1.15749, 5.46875],
			"to": [10.53125, 2.42312, 10.53125],
			"rotation": {"angle": 0, "axis": "y", "origin": [1.22875, 0.90437, 0.91875]},
			"faces": {
				"north": {"uv": [8, 4, 12, 5], "texture": "#1"},
				"east": {"uv": [8, 5, 12, 6], "texture": "#1"},
				"south": {"uv": [8, 6, 12, 7], "texture": "#1"},
				"west": {"uv": [8, 7, 12, 8], "texture": "#1"},
				"up": {"uv": [8, 8, 4, 4], "texture": "#1"},
				"down": {"uv": [8, 8, 4, 12], "texture": "#1"}
			}
		},
		{
			"name": "stem",
			"from": [6.73437, 2.42312, 6.73437],
			"to": [9.26563, 6.21999, 9.26563],
			"rotation": {"angle": 0, "axis": "y", "origin": [1.22875, 0.90437, 0.91875]},
			"faces": {
				"north": {"uv": [5, 6, 7, 9], "texture": "#1"},
				"east": {"uv": [7, 6, 9, 9], "texture": "#1"},
				"south": {"uv": [5, 9, 7, 12], "texture": "#1"},
				"west": {"uv": [7, 9, 9, 12], "texture": "#1"},
				"up": {"uv": [11, 8, 9, 6], "texture": "#1"},
				"down": {"uv": [11, 8, 9, 10], "texture": "#1"}
			}
		},
		{
			"name": "bowlside2",
			"from": [11.79688, 8.75124, 4.20312],
			"to": [13.0625, 16.34499, 11.79688],
			"rotation": {"angle": 0, "axis": "y", "origin": [1.22875, 0.90437, 0.91875]},
			"faces": {
				"north": {"uv": [5, 9, 6, 15], "texture": "#1"},
				"east": {"uv": [6, 9, 12, 15], "texture": "#1"},
				"south": {"uv": [4, 3, 5, 9], "texture": "#1"},
				"west": {"uv": [6, 3, 12, 9], "texture": "#1"},
				"up": {"uv": [5, 3, 6, 9], "rotation": 180, "texture": "#1"},
				"down": {"uv": [4, 9, 5, 15], "rotation": 180, "texture": "#1"}
			}
		},
		{
			"name": "handle2",
			"from": [14.32813, 8.75124, 6.73437],
			"to": [15.59375, 12.54812, 9.26563],
			"rotation": {"angle": 0, "axis": "y", "origin": [1.22875, 0.90437, 0.91875]},
			"faces": {
				"north": {"uv": [9, 5, 10, 7], "texture": "#1"},
				"east": {"uv": [6, 7, 8, 9], "texture": "#1"},
				"south": {"uv": [9, 7, 10, 9], "texture": "#1"},
				"west": {"uv": [6, 5, 8, 7], "texture": "#1"},
				"up": {"uv": [8, 7, 9, 9], "rotation": 180, "texture": "#1"},
				"down": {"uv": [8, 5, 9, 7], "rotation": 180, "texture": "#1"}
			}
		},
		{
			"name": "handlebot",
			"from": [1.67187, 7.48562, 6.73437],
			"to": [14.32813, 8.75124, 9.26563],
			"rotation": {"angle": 0, "axis": "y", "origin": [1.22875, 0.90437, 0.91875]},
			"faces": {
				"north": {"uv": [3, 6, 13, 7], "texture": "#1"},
				"east": {"uv": [3, 7, 5, 8], "texture": "#1"},
				"south": {"uv": [3, 8, 13, 9], "texture": "#1"},
				"west": {"uv": [3, 9, 5, 10], "texture": "#1"},
				"up": {"uv": [11, 8, 1, 6], "texture": "#1"},
				"down": {"uv": [11, 8, 1, 10], "texture": "#1"}
			}
		},
		{
			"name": "handle1",
			"from": [0.40625, 8.75124, 6.73437],
			"to": [1.67187, 12.54812, 9.26563],
			"rotation": {"angle": 0, "axis": "y", "origin": [1.22875, 0.90437, 0.91875]},
			"faces": {
				"north": {"uv": [11, 8, 12, 10], "texture": "#1"},
				"east": {"uv": [8, 8, 10, 10], "texture": "#1"},
				"south": {"uv": [11, 6, 12, 8], "texture": "#1"},
				"west": {"uv": [8, 6, 10, 8], "texture": "#1"},
				"up": {"uv": [10, 6, 11, 8], "rotation": 180, "texture": "#1"},
				"down": {"uv": [10, 8, 11, 10], "rotation": 180, "texture": "#1"}
			}
		},
		{
			"name": "handletop",
			"from": [0.40625, 12.54812, 6.73437],
			"to": [15.59375, 13.81374, 9.26563],
			"rotation": {"angle": 0, "axis": "y", "origin": [1.22875, 0.90437, 0.91875]},
			"faces": {
				"north": {"uv": [2, 5, 14, 6], "texture": "#1"},
				"east": {"uv": [2, 4, 4, 5], "texture": "#1"},
				"south": {"uv": [2, 6, 14, 7], "texture": "#1"},
				"west": {"uv": [4, 4, 6, 5], "texture": "#1"},
				"up": {"uv": [1, 8.9, 13, 10.9], "rotation": 180, "texture": "#1"},
				"down": {"uv": [2, 6.9, 14, 8.9], "rotation": 180, "texture": "#1"}
			}
		},
		{
			"name": "bowlside",
			"from": [2.9375, 8.75124, 4.20312],
			"to": [4.20312, 16.34499, 11.79688],
			"rotation": {"angle": 0, "axis": "y", "origin": [1.22875, 0.90437, 0.91875]},
			"faces": {
				"north": {"uv": [10, 3, 11, 9], "texture": "#1"},
				"east": {"uv": [4, 3, 10, 9], "texture": "#1"},
				"south": {"uv": [10, 9, 11, 15], "texture": "#1"},
				"west": {"uv": [4, 9, 10, 15], "texture": "#1"},
				"up": {"uv": [12, 9, 11, 3], "texture": "#1"},
				"down": {"uv": [12, 9, 11, 15], "texture": "#1"}
			}
		},
		{
			"name": "bowl",
			"from": [4.20312, 8.75124, 11.79688],
			"to": [11.79688, 16.34499, 13.0625],
			"rotation": {"angle": 0, "axis": "y", "origin": [1.22875, 0.90437, 0.91875]},
			"faces": {
				"north": {"uv": [4, 2, 10, 8], "texture": "#1"},
				"east": {"uv": [5, 8, 6, 14], "texture": "#1"},
				"south": {"uv": [4, 2, 10, 8], "texture": "#1"},
				"west": {"uv": [4, 2, 5, 8], "texture": "#1"},
				"up": {"uv": [11, 5, 5, 4], "texture": "#1"},
				"down": {"uv": [14, 4, 8, 5], "texture": "#1"}
			}
		},
		{
			"name": "bowl",
			"from": [4.20312, 8.75124, 2.9375],
			"to": [11.79688, 16.34499, 4.20312],
			"rotation": {"angle": 0, "axis": "y", "origin": [1.22875, 0.90437, 0.91875]},
			"faces": {
				"north": {"uv": [3, 3, 9, 9], "texture": "#1"},
				"east": {"uv": [5, 8, 6, 14], "texture": "#1"},
				"south": {"uv": [3, 3, 9, 9], "texture": "#1"},
				"west": {"uv": [3, 3, 4, 9], "texture": "#1"},
				"up": {"uv": [10, 6, 4, 5], "texture": "#1"},
				"down": {"uv": [13, 5, 7, 6], "texture": "#1"}
			}
		},
		{
			"name": "bowlbtm",
			"from": [4.20312, 6.21999, 4.20312],
			"to": [11.79688, 15.07936, 11.79688],
			"rotation": {"angle": 0, "axis": "y", "origin": [1.22875, 0.90437, 0.91875]},
			"faces": {
				"north": {"uv": [7, 3, 13, 11], "texture": "#1"},
				"east": {"uv": [7, 4, 13, 12], "texture": "#1"},
				"south": {"uv": [7, 5, 13, 13], "texture": "#1"},
				"west": {"uv": [7, 5, 13, 13], "texture": "#1"},
				"up": {"uv": [8, 7, 2, 1], "texture": "#8"},
				"down": {"uv": [9, 7, 3, 13], "texture": "#1"}
			}
		},
		{
			"name": "bowlbtm",
			"from": [4.20312, 6.21999, 4.20312],
			"to": [11.79688, 15.07936, 11.79688],
			"rotation": {"angle": 0, "axis": "y", "origin": [1.22875, 0.90437, 0.91875]},
			"faces": {
				"north": {"uv": [7, 3, 13, 11], "texture": "#1"},
				"east": {"uv": [7, 4, 13, 12], "texture": "#1"},
				"south": {"uv": [7, 5, 13, 13], "texture": "#1"},
				"west": {"uv": [7, 5, 13, 13], "texture": "#1"},
				"up": {"uv": [8, 7, 2, 1], "texture": "#8"},
				"down": {"uv": [9, 7, 3, 13], "texture": "#1"}
			}
		},
		{
			"name": "bowlbtm",
			"from": [4.20312, 6.21999, 4.20312],
			"to": [11.79688, 15.07936, 11.79688],
			"rotation": {"angle": 0, "axis": "y", "origin": [1.22875, 0.90437, 0.91875]},
			"faces": {
				"north": {"uv": [7, 3, 13, 11], "texture": "#1"},
				"east": {"uv": [7, 4, 13, 12], "texture": "#1"},
				"south": {"uv": [7, 5, 13, 13], "texture": "#1"},
				"west": {"uv": [7, 5, 13, 13], "texture": "#1"},
				"up": {"uv": [8, 7, 2, 1], "texture": "#8"},
				"down": {"uv": [9, 7, 3, 13], "texture": "#1"}
			}
		}
	],
	"groups": [
		{
			"name": "Trophy",
			"origin": [0.24217, 0, -0.06783],
			"color": 0,
			"children": [0, 1, 2, 3, 4, 5, 6, 7, 8, 9, 10, 11, 12, 13]
		}
	],
    "display": {
        "ground": {
            "rotation": [ 0, 0, 0 ],
            "translation": [ 0, 2, 0],
            "scale":[ 0.5, 0.5, 0.5 ]
        },
        "head": {
            "rotation": [ 0, 180, 0 ],
            "translation": [ 0, 13, 7],
            "scale":[ 1, 1, 1]
        },
        "thirdperson_righthand": {
            "rotation": [ 0, 0, 0 ],
            "translation": [ 0, 3, 1 ],
            "scale": [ 0.55, 0.55, 0.55 ]
        },
        "firstperson_righthand": {
            "rotation": [ 0, -90, 25 ],
            "translation": [ 1.13, 3.2, 1.13],
            "scale": [ 0.68, 0.68, 0.68 ]
        },
        "fixed": {
            "rotation": [ -90, 180, 0 ],
			"translation": [ 0, 0, -16],
            "scale": [ 2, 2, 2 ]
        }
    }
}