{
	"texture_size": [32, 32],
	"textures": {
		"0": "minecraft:item/prizes/juvee",
		"particle": "minecraft:item/prizes/juvee"
	},
	"elements": [
		{
			"from": [6.5, 0, 6.5],
			"to": [9.5, 9, 9.5],
			"rotation": {"angle": 45, "axis": "y", "origin": [8, 5, 8]},
			"faces": {
				"north": {"uv": [0, 0, 1.5, 4.5], "texture": "#0"},
				"east": {"uv": [1.5, 0, 3, 4.5], "texture": "#0"},
				"south": {"uv": [3, 0, 4.5, 4.5], "texture": "#0"},
				"west": {"uv": [0, 4.5, 1.5, 9], "texture": "#0"},
				"up": {"uv": [8, 6, 6.5, 4.5], "texture": "#0"},
				"down": {"uv": [8, 6, 6.5, 7.5], "texture": "#0"}
			}
		},
		{
			"from": [9.5, 0, 7],
			"to": [10, 9, 9],
			"rotation": {"angle": 45, "axis": "y", "origin": [8, 5, 8]},
			"faces": {
				"north": {"uv": [8, 0, 8.25, 4.5], "texture": "#0"},
				"east": {"uv": [4.5, 4.5, 5.5, 9], "texture": "#0"},
				"south": {"uv": [8, 4.5, 8.25, 9], "texture": "#0"},
				"west": {"uv": [5.5, 0, 6.5, 4.5], "texture": "#0"},
				"up": {"uv": [9.25, 2, 9, 1], "texture": "#0"},
				"down": {"uv": [2.25, 9, 2, 10], "texture": "#0"}
			}
		},
		{
			"from": [6, 0, 7],
			"to": [6.5, 9, 9],
			"rotation": {"angle": 45, "axis": "y", "origin": [8, 5, 8]},
			"faces": {
				"north": {"uv": [8.5, 0, 8.75, 4.5], "texture": "#0"},
				"east": {"uv": [5.5, 4.5, 6.5, 9], "texture": "#0"},
				"south": {"uv": [8.5, 4.5, 8.75, 9], "texture": "#0"},
				"west": {"uv": [6.5, 0, 7.5, 4.5], "texture": "#0"},
				"up": {"uv": [9.25, 3, 9, 2], "texture": "#0"},
				"down": {"uv": [2.75, 9, 2.5, 10], "texture": "#0"}
			}
		},
		{
			"from": [7, 0, 6],
			"to": [9, 9, 6.5],
			"rotation": {"angle": 45, "axis": "y", "origin": [8, 5, 8]},
			"faces": {
				"north": {"uv": [4.5, 0, 5.5, 4.5], "texture": "#0"},
				"east": {"uv": [7.5, 0, 7.75, 4.5], "texture": "#0"},
				"south": {"uv": [1.5, 4.5, 2.5, 9], "texture": "#0"},
				"west": {"uv": [6.5, 7.5, 6.75, 12], "texture": "#0"},
				"up": {"uv": [1, 9.25, 0, 9], "texture": "#0"},
				"down": {"uv": [10, 0, 9, 0.25], "texture": "#0"}
			}
		},
		{
			"from": [7, 0, 9.5],
			"to": [9, 9, 10],
			"rotation": {"angle": 45, "axis": "y", "origin": [8, 5, 8]},
			"faces": {
				"north": {"uv": [2.5, 4.5, 3.5, 9], "texture": "#0"},
				"east": {"uv": [7, 7.5, 7.25, 12], "texture": "#0"},
				"south": {"uv": [3.5, 4.5, 4.5, 9], "texture": "#0"},
				"west": {"uv": [7.5, 7.5, 7.75, 12], "texture": "#0"},
				"up": {"uv": [10, 0.75, 9, 0.5], "texture": "#0"},
				"down": {"uv": [2, 9, 1, 9.25], "texture": "#0"}
			}
		}
	],
	"display": {
		"thirdperson_righthand": {
			"translation": [0, 1.25, -0.75]
		},
		"thirdperson_lefthand": {
			"translation": [0, 1.25, -0.75]
		},
		"firstperson_righthand": {
			"rotation": [0, 81.75, 0],
			"translation": [0, 5.5, 0]
		},
		"firstperson_lefthand": {
			"rotation": [180, 1.75, -180],
			"translation": [0, 5.5, 0]
		},
		"ground": {
			"translation": [0, 4.25, 0]
		},
		"head": {
			"translation": [0, 20.5, 0],
			"scale": [1.76, 1.76, 1.76]
		},
		"fixed": {
			"rotation": [-90, -45, 0],
			"translation": [0, 0, -11.75],
			"scale": [1.6, 1.6, 1.6]
		}
	}
}