{
	"texture_size": [64, 64],
	"textures": {
		"0": "minecraft:item/prizes/nickpainting",
		"particle": "minecraft:item/prizes/nickpainting"
	},
	"elements": [
		{
			"from": [0, 0, -8],
			"to": [16, 1.1, 24],
			"faces": {
				"north": {"uv": [8, 0.25, 12, 0.5], "texture": "#0"},
				"east": {"uv": [0, 8, 8, 8.25], "texture": "#0"},
				"south": {"uv": [8, 0.5, 12, 0.75], "texture": "#0"},
				"west": {"uv": [8, 0, 16, 0.25], "texture": "#0"},
				"up": {"uv": [4, 8, 0, 0], "texture": "#0"},
				"down": {"uv": [8, 0, 4, 8], "texture": "#0"}
			}
		}
	],
	"display": {
		"thirdperson_righthand": {
			"rotation": [-30, 0, 0],
			"translation": [0, 2, 0],
			"scale": [0.24, 0.24, 0.24]
		},
		"thirdperson_lefthand": {
			"rotation": [-30, 0, 0],
			"translation": [0, 2, 0],
			"scale": [0.24, 0.24, 0.24]
		},
		"firstperson_righthand": {
			"rotation": [-135, 30, 120],
			"translation": [0, 0, -12]
		},
		"firstperson_lefthand": {
			"rotation": [-135, 30, 120],
			"translation": [0, 0, -12]
		},
		"ground": {
			"translation": [0, 4, 0]
		},
		"gui": {
			"rotation": [90, 180, 0],
			"scale": [0.47, 0.47, 0.47]
		},
		"head": {
			"rotation": [-90, 0, 0],
			"translation": [0, 0, -14]
		},
		"fixed": {
			"rotation": [-90, 0, 0],
			"translation": [0, 0, -14],
			"scale": [2, 2, 2]
		}
	}
}