{
	"textures": {
		"0": "minecraft:item/prizes/sus",
		"particle": "minecraft:item/prizes/sus"
	},
	"elements": [
		{
			"from": [0, 0, 0],
			"to": [16, 0.1, 16],
			"faces": {
				"north": {"uv": [0, 0, 16, 0.1], "texture": "#0"},
				"east": {"uv": [0, 0, 16, 0.1], "texture": "#0"},
				"south": {"uv": [0, 0, 16, 0.1], "texture": "#0"},
				"west": {"uv": [0, 0, 16, 0.1], "texture": "#0"},
				"up": {"uv": [0, 16, 16, 0], "texture": "#0"},
				"down": {"uv": [0, 16, 16, 0], "texture": "#0"}
			}
		}
	],
	"display": {
		"thirdperson_righthand": {
			"scale": [0, 0, 0]
		},
		"thirdperson_lefthand": {
			"scale": [0, 0, 0]
		},
		"firstperson_righthand": {
			"rotation": [-90, 0, -180],
			"translation": [-9, 8.25, 0],
			"scale": [3.33, 3.33, 3.33]
		},
		"firstperson_lefthand": {
			"rotation": [-90, 0, 180],
			"translation": [-9, 8.25, 0],
			"scale": [3.33, 3.33, 3.33]
		},
		"ground": {
			"translation": [0, 0.25, 0],
			"scale": [0.5, 0.5, 0.5]
		},
		"gui": {
			"rotation": [90, 180, 0]
		},
		"head": {
			"rotation": [-90, 0, 0],
			"translation": [0, 0, -15.25]
		},
		"fixed": {
			"rotation": [-90, 0, 0],
			"translation": [0, 0, -10],
			"scale": [1.2832, 1.2832, 1.2832]
		}
	}
}