{
	"textures": {
		"0": "block/texture",
		"2": "block/texture",
		"3": "block/texture",
		"8": "block/texture",
		"9": "block/texture",
		"10": "block/texture",
		"particle": "block/texture"
	},
	"elements": [
		{
			"from": [3, 0, 3],
			"to": [13, 1, 13],
			"faces": {
				"north": {"uv": [5, 0, 10, 0.5], "texture": "#0"},
				"east": {"uv": [5, 0.5, 10, 1], "texture": "#0"},
				"south": {"uv": [5, 1, 10, 1.5], "texture": "#0"},
				"west": {"uv": [5, 1.5, 10, 2], "texture": "#0"},
				"up": {"uv": [5, 5, 0, 0], "texture": "#0"},
				"down": {"uv": [5, 5, 0, 10], "texture": "#0"}
			}
		},
		{
			"from": [6, 1, 6],
			"to": [10, 2, 10],
			"faces": {
				"north": {"uv": [4, 0, 8, 1], "texture": "#2"},
				"east": {"uv": [4, 1, 8, 2], "texture": "#2"},
				"south": {"uv": [4, 2, 8, 3], "texture": "#2"},
				"west": {"uv": [4, 3, 8, 4], "texture": "#2"},
				"up": {"uv": [4, 4, 0, 0], "texture": "#2"},
				"down": {"uv": [4, 4, 0, 8], "texture": "#2"}
			}
		},
		{
			"from": [7, 2, 7],
			"to": [9, 5, 9],
			"faces": {
				"north": {"uv": [0, 0, 2, 3], "texture": "#3"},
				"east": {"uv": [2, 0, 4, 3], "texture": "#3"},
				"south": {"uv": [0, 3, 2, 6], "texture": "#3"},
				"west": {"uv": [2, 3, 4, 6], "texture": "#3"},
				"up": {"uv": [6, 2, 4, 0], "texture": "#3"},
				"down": {"uv": [6, 2, 4, 4], "texture": "#3"}
			}
		},
		{
			"from": [11, 7, 5],
			"to": [12, 13, 11],
			"faces": {
				"north": {"uv": [1, 6, 2, 12], "texture": "#10"},
				"east": {"uv": [2, 6, 8, 12], "texture": "#10"},
				"south": {"uv": [0, 0, 1, 6], "texture": "#10"},
				"west": {"uv": [2, 0, 8, 6], "texture": "#10"},
				"up": {"uv": [1, 0, 2, 6], "rotation": 180, "texture": "#10"},
				"down": {"uv": [0, 6, 1, 12], "rotation": 180, "texture": "#10"}
			}
		},
		{
			"from": [14, 9, 7],
			"to": [15, 10, 9],
			"faces": {
				"north": {"uv": [2, 1, 3, 2], "texture": "#8"},
				"east": {"uv": [0, 2, 2, 3], "texture": "#8"},
				"south": {"uv": [2, 0, 3, 1], "texture": "#8"},
				"west": {"uv": [0, 3, 2, 4], "texture": "#8"},
				"up": {"uv": [1, 0, 2, 2], "rotation": 180, "texture": "#8"},
				"down": {"uv": [0, 0, 1, 2], "rotation": 180, "texture": "#8"}
			}
		},
		{
			"from": [11, 6, 7],
			"to": [13, 7, 9],
			"faces": {
				"north": {"uv": [2, 0, 4, 1], "texture": "#8"},
				"east": {"uv": [2, 2, 4, 3], "texture": "#8"},
				"south": {"uv": [2, 1, 4, 2], "texture": "#8"},
				"west": {"uv": [2, 3, 4, 4], "texture": "#8"},
				"up": {"uv": [0, 2, 2, 4], "rotation": 180, "texture": "#8"},
				"down": {"uv": [0, 0, 2, 2], "rotation": 180, "texture": "#8"}
			}
		},
		{
			"from": [13, 7, 7],
			"to": [14, 9, 9],
			"faces": {
				"north": {"uv": [3, 0, 4, 2], "texture": "#8"},
				"east": {"uv": [0, 2, 2, 4], "texture": "#8"},
				"south": {"uv": [3, 2, 4, 4], "texture": "#8"},
				"west": {"uv": [0, 0, 2, 2], "texture": "#8"},
				"up": {"uv": [2, 2, 3, 4], "rotation": 180, "texture": "#8"},
				"down": {"uv": [2, 0, 3, 2], "rotation": 180, "texture": "#8"}
			}
		},
		{
			"from": [1, 9, 7],
			"to": [2, 10, 9],
			"faces": {
				"north": {"uv": [1, 2, 2, 3], "texture": "#8"},
				"east": {"uv": [0, 0, 2, 1], "texture": "#8"},
				"south": {"uv": [0, 2, 1, 3], "texture": "#8"},
				"west": {"uv": [0, 1, 2, 2], "texture": "#8"},
				"up": {"uv": [3, 0, 4, 2], "rotation": 180, "texture": "#8"},
				"down": {"uv": [2, 0, 3, 2], "rotation": 180, "texture": "#8"}
			}
		},
		{
			"from": [3, 6, 7],
			"to": [5, 7, 9],
			"faces": {
				"north": {"uv": [2, 0, 4, 1], "texture": "#8"},
				"east": {"uv": [2, 1, 4, 2], "texture": "#8"},
				"south": {"uv": [2, 2, 4, 3], "texture": "#8"},
				"west": {"uv": [2, 3, 4, 4], "texture": "#8"},
				"up": {"uv": [2, 2, 0, 0], "texture": "#8"},
				"down": {"uv": [2, 2, 0, 4], "texture": "#8"}
			}
		},
		{
			"from": [2, 7, 7],
			"to": [3, 9, 9],
			"faces": {
				"north": {"uv": [3, 2, 4, 4], "texture": "#8"},
				"east": {"uv": [0, 2, 2, 4], "texture": "#8"},
				"south": {"uv": [3, 0, 4, 2], "texture": "#8"},
				"west": {"uv": [0, 0, 2, 2], "texture": "#8"},
				"up": {"uv": [2, 0, 3, 2], "rotation": 180, "texture": "#8"},
				"down": {"uv": [2, 2, 3, 4], "rotation": 180, "texture": "#8"}
			}
		},
		{
			"from": [2, 10, 7],
			"to": [4, 11, 9],
			"faces": {
				"north": {"uv": [2, 2, 4, 3], "texture": "#8"},
				"east": {"uv": [2, 1, 4, 2], "texture": "#8"},
				"south": {"uv": [2, 3, 4, 4], "texture": "#8"},
				"west": {"uv": [2, 0, 4, 1], "texture": "#8"},
				"up": {"uv": [0, 0, 2, 2], "rotation": 180, "texture": "#8"},
				"down": {"uv": [0, 2, 2, 4], "rotation": 180, "texture": "#8"}
			}
		},
		{
			"from": [12, 10, 7],
			"to": [14, 11, 9],
			"faces": {
				"north": {"uv": [2, 2, 4, 3], "texture": "#8"},
				"east": {"uv": [2, 1, 4, 2], "texture": "#8"},
				"south": {"uv": [2, 3, 4, 4], "texture": "#8"},
				"west": {"uv": [2, 0, 4, 1], "texture": "#8"},
				"up": {"uv": [0, 0, 2, 2], "rotation": 180, "texture": "#8"},
				"down": {"uv": [0, 2, 2, 4], "rotation": 180, "texture": "#8"}
			}
		},
		{
			"from": [4, 7, 5],
			"to": [5, 13, 11],
			"faces": {
				"north": {"uv": [6, 0, 7, 6], "texture": "#10"},
				"east": {"uv": [0, 0, 6, 6], "texture": "#10"},
				"south": {"uv": [6, 6, 7, 12], "texture": "#10"},
				"west": {"uv": [0, 6, 6, 12], "texture": "#10"},
				"up": {"uv": [8, 6, 7, 0], "texture": "#10"},
				"down": {"uv": [8, 6, 7, 12], "texture": "#10"}
			}
		},
		{
			"from": [5, 7, 4],
			"to": [11, 13, 12],
			"faces": {
				"north": {"uv": [6, 0, 9, 2.5], "texture": "#9"},
				"east": {"uv": [0, 4, 4, 6.5], "texture": "#9"},
				"south": {"uv": [0, 6.5, 3, 9], "texture": "#9"},
				"west": {"uv": [4, 4, 8, 6.5], "texture": "#9"},
				"up": {"uv": [3, 4, 0, 0], "texture": "#9"},
				"down": {"uv": [6, 0, 3, 4], "texture": "#9"}
			}
		}
	]
}